{
    "urbanareas0": [
        48.03186597519473,
        11.878701435772102,
        90
    ],
    "openareas0": [
        48.02278641363004,
        11.873498771538323,
        70
    ],
    "openareas1": [
        48.03062063547658,
        11.880138430124077,
        70
    ],
    "openareas2": [
        48.03264234099565,
        11.881402512218557,
        70
    ],
    "openareas3": [
        48.02285086769221,
        11.875040489331514,
        70
    ],
    "openareas4": [
        48.02673597356748,
        11.872015486372552,
        70
    ],
    "openareas5": [
        48.031001892747895,
        11.886817292676243,
        70
    ],
    "openareas6": [
        48.02889910623069,
        11.883232534176702,
        70
    ],
    "openareas7": [
        48.02952247970669,
        11.883502815433877,
        70
    ],
    "openareas8": [
        48.028346743605795,
        11.875320542034016,
        70
    ],
    "openareas9": [
        48.03033125196925,
        11.880913954388413,
        70
    ],
    "openareas10": [
        48.029574018116776,
        11.876203013531065,
        70
    ],
    "openareas11": [
        48.02830369357392,
        11.873833878044053,
        70
    ],
    "openareas12": [
        48.03130609931262,
        11.87037401463903,
        70
    ],
    "openareas13": [
        48.03244848435939,
        11.878033493130944,
        70
    ],
    "openareas14": [
        48.030530230404146,
        11.88217833407476,
        70
    ],
    "openareas15": [
        48.033191805971335,
        11.872962438464182,
        70
    ],
    "openareas16": [
        48.029777030494294,
        11.870134041897165,
        70
    ],
    "openareas17": [
        48.02777482547409,
        11.872569148115522,
        70
    ],
    "openareas18": [
        48.02938059782433,
        11.878773655343277,
        70
    ],
    "openareas19": [
        48.03236579525492,
        11.870451943894777,
        70
    ],
    "openareas20": [
        48.031278475706,
        11.88185226524988,
        70
    ],
    "openareas21": [
        48.0323620364376,
        11.883387927356502,
        70
    ],
    "openareas22": [
        48.0254187362071,
        11.87605507114225,
        70
    ],
    "openareas23": [
        48.027501612258696,
        11.87974150172576,
        70
    ],
    "openareas24": [
        48.02954709749901,
        11.880554818624589,
        70
    ],
    "openareas25": [
        48.02617792012209,
        11.872288429969712,
        70
    ],
    "waters0": [
        48.02806985193371,
        11.876153841153203,
        60
    ],
    "waters1": [
        48.02816681857686,
        11.875950896935628,
        60
    ],
    "woods0": [
        48.027665501797976,
        11.870091017357153,
        80
    ],
    "woods1": [
        48.023395113759214,
        11.867835651593685,
        80
    ],
    "woods2": [
        48.02864556943998,
        11.881307872785655,
        80
    ],
    "woods3": [
        48.02909788319764,
        11.882195768230625,
        80
    ],
    "woods4": [
        48.02900074885393,
        11.88143023083591,
        80
    ],
    "woods5": [
        48.02889661294491,
        11.867132908870056,
        80
    ],
    "woods6": [
        48.02295624485984,
        11.87341694701562,
        80
    ],
    "woods7": [
        48.02360641451042,
        11.882965044332463,
        80
    ],
    "woods8": [
        48.0270668540207,
        11.885895513394138,
        80
    ],
    "woods9": [
        48.02457718984153,
        11.886688483809152,
        80
    ],
    "woods10": [
        48.024094638690485,
        11.879288654028393,
        80
    ],
    "woods11": [
        48.02273769077534,
        11.877182202672852,
        80
    ],
    "woods12": [
        48.02563456602024,
        11.8794988184702,
        80
    ],
    "woods13": [
        48.02028651329495,
        11.87771626707448,
        80
    ],
    "woods14": [
        48.02507388178244,
        11.876257890740016,
        80
    ],
    "woods15": [
        48.02560941275551,
        11.872953717330144,
        80
    ]
}