{
	"home0":[
		43.988632,
		5.812812,
		60
	],
	"road0":[
		43.994432, 
		5.808038,
		70
	],
	"road1":[
		43.991080,
		5.815977,
		70
	],
	"rocky0":[
		43.990685,
		5.810478,
		75
	],
	"rocky1":[
		43.989357,
		5.807474,
		75
	],
	"forest0": [
		43.995502, 
		5.819373,
		80
	],
	"forest1":[
		43.993304, 
		5.814376,
		80
	],
	"forest2":[
		43.996252, 
		5.809579,
		80
	],
	"w0":[
		43.995724,
		5.808911,
		80
	],
	"w1":[
		43.995390,
		5.816441,
		70
	],
	"w2":[
		43.990342,
		5.807961,
		60
	],
	"w3":[
		43.990280,
		5.814605,
		65
	],
	"inter0":[
		43.992360,
		5.811826,
		70
	],
	"inter1":[
		43.995328,
		5.811497,
		100
	]

}

